"gdmc","gid","stnod","ednod","cd"
大来线输气管道 (大溪 - 来凤),2076,21065,22385,21.524
大来线输气管道 (大溪 - 来凤),2077,20830,21065,62.076
大坝至大峡谷天然气管道,2078,21642,21066,15.000
大坝至利川城区天然气管道,2079,21642,20858,16.000
锣场 - 后港天然气管道,2080,20943,21015,26.900
仙人渡 - 丹江口天然气管道,2081,23444,23353,44.000
六里坪 - 房县 - 竹溪天然气管道,2082,20845,21016,76.164
六里坪 - 房县 - 竹溪天然气管道,2083,21009,21010,50.174
荆门 - 沙洋天然气管道,2084,21017,21013,14.906
荆门 - 沙洋天然气管道,2085,21019,21020,7.318
荆门 - 沙洋天然气管道,2086,21013,21019,20.776
钟祥 - 京山次高压天然气管道,2087,21024,21014,52.100
宜城 - 雷河天然气管道,2088,20976,21058,9.100
荆门 - 钟祥天然气管道,2089,21018,21024,14.918
荆门 - 钟祥天然气管道,2090,21017,21018,22.291
荆门 - 钟祥天然气管道,2091,20837,21017,6.691
杨寨 - 广水天然气管道,2092,21471,21021,17.380
京山 - 钟祥天然气管道,2093,21451,21022,79.300
荆门分输站 - 五一路门站次高压天然气管道,2094,21511,21023,4.000
荆门市绿动能源高压燃气管道,2095,20843,21216,7.663
西气东输二线西段,2096,21423,21402,89.000
西气东输二线西段,2097,21281,21285,175.000
西气东输二线上海支线嘉兴-甪直联络线,2098,21385,21437,62.895
西气东输二线南昌-上海支干线,2099,21387,21437,82.136
西气东输二线西段,2100,21415,21410,58.000
西气东输二线西段,2101,21397,21415,120.000
西气东输二线西段,2102,21403,21288,119.000
西气东输二线西段,2103,21402,21397,186.000
西气东输二线西段,2104,21288,21404,76.000
西气东输二线西段,2105,21406,21281,170.000
西气东输二线西段,2106,21410,21416,134.000
西气东输二线西段,2107,21285,21403,58.000
陕京四线,2108,21695,21688,141.130
陕京四线,2109,21688,21689,200.240
陕京四线,2110,21664,21120,53.400
西气东输二线西段,2111,21282,21423,113.000
兰银线景泰支线,2113,22572,21241,5.000
中缅天然气管道国内段瑞丽-贵阳段,2114,21226,21227,211.337
中缅天然气管道国内段瑞丽-贵阳段,2115,21242,21226,325.513
西气东输三线,2116,21381,21382,20.000
西气东输三线,2117,21382,21434,70.000
西气东输三线,2118,21434,21383,130.000
西气东输二线樟树-湘潭支线,2120,21244,21238,49.700
西气东输二线樟树-湘潭支线,2121,21245,21225,21.600
西气东输一线金坛-溧阳支线,2122,21127,29812,52.000
广西LNG外输管线粤西支线广东段,2123,21394,21247,154.500
西气东输二线南昌-上海支干线,2124,21424,21431,91.860
西气东输二线南昌-上海支干线,2125,21427,21424,91.428
西气东输二线樟树-湘潭支线,2126,21251,21244,58.000
西气东输二线樟树-湘潭支线,2127,21426,21251,59.200
泰青威干线,2128,21564,21524,58.000
泰青威干线,2129,21524,21546,53.000
泰青威干线,2131,21546,21551,74.000
涩宁兰输气管道刘化支线,2132,22495,21229,29.760
涩宁兰输气管道复线,2133,21362,21517,5.650
泰青威干线,2134,21347,21553,80.000
泰青威干线,2135,21553,21564,37.000
西气东输二线泰安支干线,2136,21705,21609,64.400
西气东输二线泰安支干线,2137,21633,21705,85.170
西气东输二线泰安支干线,2138,21702,21699,36.880
西气东输三线闽粤支干线（漳州-广州）,2139,21102,21613,100.450
山东LNG干线,2140,21138,21485,48.000
山东LNG干线,2141,21138,21586,139.000
港清复线,2142,21176,21121,61.600
港清线,2143,21092,21121,61.530
陕京二线,2144,21698,21361,64.600
陕京二线,2145,21675,21671,41.400
陕京四线,2146,21690,21614,86.350
陕京四线,2147,21614,21695,228.520
陕京二线,2148,21117,21654,177.800
西气东输一线龙池-扬巴支线,2149,21101,21125,6.000
陕京二线,2150,21361,21111,73.500
中贵天然气管道,2152,21203,21582,209.890
中贵天然气管道,2153,21250,21578,159.750
中贵天然气管道,2154,21498,21249,64.750
中贵天然气管道,2155,21249,21513,178.630
泰青威干线,2156,21365,21552,62.000
泰青威干线,2157,21552,21545,60.000
泰青威干线,2158,21545,21547,37.000
泰青威干线,2159,21547,21537,65.000
鄂安沧输气管道,2160,21554,21361,78.300
冀宁联络线,2161,21563,21361,66.970
冀宁联络线,2162,21544,21589,20.500
冀宁联络线,2163,21589,21590,130.630
中贵天然气管道,2164,21513,21600,142.500
冀宁线济宁支线,2165,21363,21562,18.640
冀宁线德州支线,2166,21596,21594,14.250
鄂安沧输气管道,2167,21568,21519,95.000
冀宁联络线,2168,21346,21565,71.120
冀宁联络线邳-徐支线,2169,21346,21572,55.000
冀宁联络线泰兴-芙蓉支线,2170,21591,21592,5.000
中贵天然气管道,2171,21287,21498,214.240
中贵天然气管道,2172,21578,21583,62.100
中贵天然气管道,2173,21583,21584,46.100
冀宁线临沂支线,2174,21585,21599,90.500
冀宁联络线,2175,21596,21563,61.530
鄂安沧濮阳支线,2176,21361,21371,109.070
鄂安沧濮阳支线,2177,21374,21373,73.130
鄂安沧输气管道,2178,21361,21568,67.000
中贵天然气管道,2180,21584,21501,60.400
冀宁线济宁支线,2181,21562,21593,23.610
如东-海门-崇明岛支线,2182,21548,21522,79.000
如东-海门-崇明岛支线,2183,21522,21523,6.000
冀宁联络线,2184,21565,21585,32.620
冀宁联络线邳-连支线,2185,21346,21597,142.000
冀宁联络线泰兴-芙蓉支线,2186,21592,21348,26.000
冀宁联络线泰兴-芙蓉支线,2187,21366,21591,27.000
冀宁联络线,2190,21590,21541,80.960
榆济线,2192,21428,21419,109.840
榆济线,2193,21419,21380,35.800
鄂安沧输气管道,2194,21573,21554,47.700
西气东输二线南昌-上海支干线,2196,21392,21427,147.378
榆济线,2198,21379,22785,71.220
西气东输二线湘潭-娄底-邵阳,2199,21225,21391,26.000
潜江-韶关输气管道,2200,21411,21355,130.000
潜江-韶关输气管道,2201,21356,21349,120.000
潜江-韶关输气管道,2202,21192,21356,110.000
潜江-韶关输气管道,2203,21355,21192,60.000
西气东输二线东段,2204,21619,21665,171.000
黄大线管道,2206,20958,21447,12.800
孝昌 - 大悟天然气管道,2207,21620,21471,36.460
兰银线河口-甘塘段,2208,21362,21368,204.400
泰青威干线,2209,21551,21365,30.000
中贵天然气管道,2210,21501,21577,116.400
中贵天然气管道,2211,21600,21250,130.550
安济线,2212,21361,21588,200.000
冀宁线武城支线,2213,21596,21595,17.290
兰银线甘塘-银川段,2215,21368,21575,222.300
冀宁联络线,2216,21347,21561,37.630
冀宁联络线,2217,21363,21682,83.670
鄂安沧濮阳支线,2218,21373,21077,46.810
鄂安沧濮阳支线,2219,21371,21374,107.840
冀宁联络线,2220,21561,21596,100.590
冀宁联络线,2221,21145,21544,30.200
冀宁联络线,2222,21585,21363,53.360
冀宁联络线,2223,21541,21346,70.510
中俄东线干线沈阳-永清,2224,21136,21179,79.500
西气东输二线北疆联络线,2225,21404,21156,14.000
西气东输二线独石化支线,2226,21403,21157,8.000
中缅天然气管道丽江支线,2227,21148,21155,176.328
西气东输三线中卫-靖边联络线,2228,21287,27456,377.000
中俄东线干线沈阳-永清,2229,21321,21136,581.900
中俄东线干线长岭-沈阳,2230,21141,21321,201.600
中俄东线干线沈阳-永清,2231,21179,21176,103.000
贵港-玉林支线,2232,21161,21162,103.000
大沈线,2233,21184,21186,37.810
大沈线,2234,21186,21321,60.480
中俄东线干线黑河-长岭,2235,21177,21178,142.400
秦沈线,2236,21189,21188,101.700
秦沈线,2237,21634,21190,159.700
秦沈线,2238,21190,21189,37.500
长长吉天然气管道,2239,21183,21320,108.500
青宁线,2240,21590,21326,54.476
青宁线,2241,21326,21325,40.945
青宁线,2242,21327,21145,19.099
西气东输一线甪直-宝钢支干线,2243,21438,21170,45.900
西气东输二线中卫-靖边联络线,2244,21287,21131,186.000
青宁线,2245,21586,27599,14.066
青宁线,2246,21147,21144,30.387
青宁线,2247,21328,21590,87.383
西气东输二线酒泉天然气支线,2248,21284,21159,11.000
西气东输二线张掖支线,2249,21309,21152,22.930
西气东输二线武威支线,2250,21401,21153,9.120
中俄东线干线黑河-长岭,2251,21142,21183,135.900
中缅天然气管道玉溪支线,2252,21150,21149,68.152
青宁线,2253,21144,21328,64.853
青宁线,2254,21325,21327,82.491
青宁线,2255,21586,21147,140.689
西气东输一线,2256,21291,21335,52.860
西气东输一线,2257,21335,21292,62.300
西气东输一线,2258,21409,21408,181.500
西气东输三线,2259,21432,21310,205.000
西气东输一线,2260,21145,21105,7.800
西气东输一线,2261,21101,21145,27.700
西气东输一线,2262,21598,21331,77.000
西气东输一线,2263,21331,21293,95.000
西气东输一线,2264,21336,21348,20.700
西气东输一线,2265,21293,21330,55.331
西气东输一线,2266,21330,21329,66.190
西气东输一线,2267,21329,21101,59.520
西气东输一线,2268,21107,21336,65.000
西气东输一线,2269,21105,21107,43.100
西气东输一线,2270,21290,21123,18.000
西气东输一线,2271,21348,21290,35.500
西气东输一线,2272,21344,27456,153.553
西气东输一线,2273,27456,21340,151.447
西气东输一线长铝支线,2274,21292,21163,24.000
秦沈线,2275,21188,21321,123.800
南宁-百色支线,2276,21160,21167,243.000
西气东输一线,2277,21340,21294,126.150
西气东输一线,2278,21294,21295,156.350
西气东输一线,2279,21287,21344,181.408
西气东输一线,2280,21343,21334,140.000
西气东输一线,2281,21334,21341,107.000
西气东输一线,2282,21315,21343,198.000
西气东输一线沁水煤层气管道,2283,21164,21295,35.000
西气东输一线甪直-宝钢支干线,2285,21169,21171,10.000
西气东输一线,2286,21342,21287,165.592
西气东输一线,2287,21341,21342,124.000
夏河支线,2288,22678,21224,31.000
涩宁兰输气管道甘西南支线,2289,21229,21231,63.500
榆济线,2290,21380,21420,85.560
榆济线,2291,21418,21378,113.210
广西支干线（湖南段）,2292,21356,21237,244.000
兰定线,2293,21235,21234,67.000
兰银线白银支线,2294,22852,21228,56.000
中缅天然气管道桂林支线,2296,22648,21255,101.000
中缅天然气管道桂林支线,2297,21255,21253,41.000
广西LNG外输管道,2298,21204,21492,117.290
广西LNG管线-桂林支线,2299,21252,21248,155.900
广西LNG外输管道,2300,21499,21236,43.960
中缅天然气管道钦州支线,2301,20828,21491,90.000
中缅天然气管道桂林支线,2302,21503,21254,61.530
西气东输三线,2304,21310,21287,152.000
西气东输一线,2305,21123,21438,49.000
西气东输一线,2307,21438,21296,29.000
西气东输三线,2308,21406,21281,173.000
西气东输三线,2309,21288,21404,76.000
西气东输三线,2310,21402,21415,188.000
西气东输三线,2311,21281,21285,178.000
西气东输二线湘潭-娄底-邵阳,2312,21389,21193,58.000
西气东输三线,2313,21285,21288,180.000
西气东输三线,2315,21404,21282,63.000
榆济线,2316,21377,21137,94.970
榆济线,2317,21137,21588,16.630
西气东输二线樟树-湘潭支线,2318,21238,21245,39.600
鄯乌线,2320,21681,21612,23.310
西气东输二线西段,2321,21401,21310,69.067
西气东输二线东段,2322,21310,21287,148.919
西气东输二线西段,2323,21283,21284,173.250
永唐秦输气管道,2324,21179,21136,80.730
长宁线,2325,27456,21713,136.390
永唐秦输气管道,2326,21136,21715,57.440
鄯乌线,2327,21103,21113,134.490
永唐秦输气管道,2328,21176,27490,63.600
中缅天然气管道河池支线,2329,21489,21496,23.700
中贵天然气管道陇南支线,2330,21600,21514,92.401
鄯乌线,2331,21113,21681,116.250
西气东输二线南昌-上海支干线,2332,21605,21417,158.600
西气东输二线南昌-上海支干线,2333,21417,21430,101.400
西气东输二线广州-南宁支干线,2334,21436,21520,188.600
永唐秦输气管道,2335,21715,21615,59.540
涩宁兰输气管道,2336,21571,21345,93.950
广西LNG外输管道,2337,21243,21504,133.770
中贵天然气管道陇西支线,2338,21513,21232,144.358
中贵天然气管道天水支线,2339,21513,21239,51.550
西气东输二线湘潭-娄底-邵阳,2340,21391,21390,46.000
涩宁兰输气管道,2341,21345,21570,126.820
涩宁兰输气管道,2342,21574,21576,121.810
涩宁兰输气管道,2343,21549,21571,120.060
西气东输二线轮吐支干线,2344,21409,21408,185.000
西气东输二线西段,2345,21432,21414,53.000
西气东输二线西段,2346,21414,21401,56.000
西气东输二线轮吐支干线,2347,21429,21423,125.000
西气东输二线西段,2348,21309,21432,147.234
西气东输二线西段,2349,21284,21309,188.950
西气东输二线西段,2350,21416,21283,188.000
西气东输二线轮吐支干线,2351,21408,21429,216.000
宜都 - 松滋临港工业园天然气管道,2352,20868,22835,15.505
宜都 - 松滋临港工业园天然气管道,2353,22834,20894,20.051
监利市毛市天然气门站配套高压管道,2354,21258,20895,2.760
老新镇 - 新沟镇次高压天然气管道,2355,20820,20896,10.600
公安分输站至城东配气站输气管道,2356,21467,20866,48.500
宜都 - 松滋临港工业园天然气管道,2357,22835,20894,17.183
宜都 - 松滋临港工业园天然气管道,2359,21528,20868,0.261
荆州 - 公安 - 石首天然气管道江陵支线,2360,21468,20872,11.600
仙桃 - 洪湖天然气管道,2361,20836,23273,72.000
宜都 - 松滋天然气管道,2362,20865,23405,28.000
松滋市城东配气站至临港工业园区供气管道,2363,20866,20867,28.620
咸宁“南三县”天然气长输管道,2364,21465,21466,39.658
锣场门站 - 红光路储配站天然气管道,2365,20942,20869,12.000
纪南门站 - 亿均玻璃天然气管道,2366,20870,20871,13.592
纪南门站 - 亿均玻璃天然气管道,2367,20839,20870,10.408
陆城 - 枝城天然气管道,2368,20892,20865,8.000
枝城 - 松木坪天然气管道,2369,20865,20885,26.140
忠武线长阳支线,2370,21521,20886,11.000
红花套 - 渔洋关天然气管道,2371,22830,22829,10.196
木店至王店天然气管道,2372,20821,23446,3.835
木店至王店天然气管道,2373,23443,23439,10.435
红花套 - 陆城天然气管道,2374,21528,20891,0.103
红花套 - 陆城天然气管道,2375,20891,20892,12.897
猇亭 - 伍家岗高压燃气管道,2376,20889,20890,18.135
猇亭 - 伍家岗高压燃气管道,2377,21455,20889,0.265
当阳木店天然气管道,2378,23441,23443,11.987
当阳木店天然气管道,2379,23440,23441,3.013
红花套 - 艾家高压燃气管道,2380,21528,23268,19.300
枝江 - 当阳天然气管道,2381,23440,23435,16.430
枝江 - 当阳天然气管道,2382,23445,23440,16.017
枝江 - 当阳天然气管道,2383,21526,23445,21.552
武汉天然气高压中环管道,2384,20922,20900,8.210
武昌热电次高压天然气管道,2385,20922,21470,16.800
周家河阀室至纱帽门站天然气管道,2386,23124,20919,0.800
黄陵 - 汉南天然气管道,2387,20920,20963,9.850
武汉天然气高压中环管道,2388,20954,20927,23.450
武汉天然气高压中环管道,2389,20906,20925,4.490
武汉天然气高压中环管道,2390,20917,20899,6.350
武汉天然气高压中环管道,2391,20912,20922,11.290
武汉天然气高压中环管道,2392,20928,20906,6.590
武汉天然气高压中环管道,2393,20923,21636,16.870
武汉天然气高压中环管道,2394,20899,20926,9.320
武汉天然气高压中环管道,2395,20822,20928,7.390
武汉天然气高压中环管道,2396,20926,20912,10.100
武汉天然气高压中环管道,2397,20925,20917,2.880
武汉天然气高压中环管道,2398,20924,20923,9.290
咸宁“南三县”天然气长输管道,2399,22840,21465,13.294
咸宁“南三县”天然气长输管道,2400,22840,20876,27.072
团风 - 新洲天然气管道,2401,23418,23272,49.000
咸宁“南三县”天然气长输管道,2402,21441,22840,58.177
孝昌 - 安陆天然气管道,2403,20880,20873,28.500
陡山 - 孝昌天然气管道,2404,21620,20880,7.000
潘家湾 - 咸安天然气管道,2405,20952,20874,28.000
潘家湾 - 畈湖天然气管道,2406,20962,20875,17.100
孝昌 - 大悟天然气管道,2407,21471,20879,8.540
忠武线天然气管道,2408,21516,21521,83.860
京山 - 应城天然气管道,2409,21451,21442,55.900
孝感市第二气源高压管道,2410,21620,23412,1.505
关山桥 - 武汉黄家湖CNG母站天然气管道,2411,20877,23407,13.950
金台 - 汪集次高压天然气管道,2412,20946,20878,2.850
东湖燃机天然气配套管道,2413,20935,21463,12.180
东湖燃机天然气配套管道,2414,20934,20935,3.230
陕京二线,2415,21712,21697,117.100
陕京三线,2416,21109,21679,15.600
西气东输一线南京-芜湖支线,2417,21693,21116,37.300
陕京一线,2418,21117,21706,112.800
西气东输二线泰安支干线,2419,21699,21633,65.630
陕京四线,2421,21689,21664,120.360
陕京二线,2422,21703,21712,55.300
冀宁联络线江都-如东支线,2423,21701,21366,37.600
冀宁联络线江都-如东支线,2424,21694,21701,29.100
川气东送管道达化专线,2425,21624,21631,74.560
西气东输二线泰安支干线,2426,21617,21110,127.880
西气东输一线常州-长兴支线,2427,21348,21655,19.500
冀宁联络线江都-如东支线,2428,21548,21694,59.700
冀宁联络线江都-如东支线,2429,21662,21589,43.200
冀宁联络线江都-如东支线,2430,21366,21662,52.200
军山 - 汉南天然气管道,2431,20954,20904,7.030
军山 - 汉南天然气管道,2432,20904,20902,10.140
军山 - 汉南天然气管道,2433,20903,20907,7.500
武汉天然气高压中环管道,2434,20900,20924,6.740
陕京四线,2435,21618,21690,222.000
安济线,2436,21588,21556,45.000
武汉天然气高压外环蔡甸 - 孟家铺联络线,2437,20833,20906,18.600
军山 - 汉南天然气管道,2438,20902,20903,7.630
陕京二线,2439,21656,21652,101.300
陕京二线,2440,21652,21659,28.700
陕京二线,2441,21659,21698,6.600
陕京二线,2442,21111,21635,57.900
港清三线,2443,21667,21717,25.000
西气东输一线常州-长兴支线,2444,21655,21106,39.800
西气东输二线泰安支干线,2445,21609,21657,42.000
陕京二线,2446,21697,21656,74.200
西气东输一线金坛储气库支干线,2447,21085,21107,35.000
陕京四线,2448,21120,21704,31.000
西气东输一线东桥-望亭支线,2449,21123,21719,8.200
西气东输一线宜兴-溧阳支线,2450,21106,21718,44.000
西气东输二线洛阳支线,2451,21670,21669,24.640
陕京四线大唐煤制气北京段,2452,28977,21716,51.000
西气东输三线伊霍支干线,2454,21668,21406,63.310
西气东输二线广州-南宁支干线,2455,21161,20832,120.100
潜江-韶关输气管道广南支干线,2456,21248,21237,202.000
西气东输一线常州-长兴支线,2457,21106,21124,40.300
陕京一线琉璃河-永清,2458,21109,21176,64.300
陕京一线,2459,21658,21696,96.000
陕京一线,2460,21696,21608,113.500
陕京一线,2461,21608,21710,99.700
陕京一线,2462,21672,21109,27.900
陕京二线,2463,21176,21675,47.500
陕京一线,2466,21706,21707,68.500
西气东输二线泰安支干线,2467,21657,21682,82.800
西气东输一线金坛金陵电厂支线,2468,21720,21616,3.696
陕京二线,2469,21635,21176,24.300
港清三线,2471,21093,21717,14.000
港清复线,2473,21121,21122,45.640
西气东输三线闽粤支干线（漳州-广州）,2474,21613,21708,227.100
陕京三线良乡-西沙屯段,2475,21679,21704,91.000
川气东送管道川维支线,2476,21604,21104,150.850
西气东输一线南京-芜湖支线,2477,21720,21693,77.500
西气东输一线南京-芜湖支线,2478,21105,21720,14.700
西气东输二线东段,2479,21603,21422,193.000
西气东输二线东段,2480,21653,21663,109.000
西气东输二线东段,2481,21119,21687,74.000
西气东输二线东段,2482,21687,21112,73.000
西气东输二线东段,2483,21456,21476,101.970
西气东输二线东段,2484,21360,21621,61.830
西气东输二线东段,2485,21663,21360,54.600
西气东输二线东段,2486,21445,21622,47.610
荆州 - 公安 - 石首天然气管道,2487,21468,21467,33.380
荆州 - 公安 - 石首天然气管道,2488,22833,21461,31.860
荆州 - 公安 - 石首天然气管道,2489,21467,22833,34.590
川气东送管道江西支线,2491,21644,21606,50.190
川气东送天然气管道 (达州 - 上海),2493,21624,21647,260.860
荆州 - 公安 - 石首天然气管道,2494,21637,21468,36.820
西气东输二线东段,2495,21287,21692,120.332
西气东输二线东段,2496,21692,21709,117.138
西气东输二线东段,2497,21709,21685,96.544
西气东输二线东段,2498,21685,21619,98.000
孝潜线管道,2499,21444,22837,14.690
孝潜线管道,2500,22844,21469,15.624
西气东输二线枣阳-十堰支干线,2501,21360,21396,84.800
西气东输二线东段,2502,21665,21119,140.000
武汉 - 赤壁天然气管道,2503,21944,21448,23.960
西气东输三线,2504,21460,21472,172.000
孝潜线管道,2505,21443,21212,41.250
孝潜线管道,2506,21212,22844,34.910
西气东输二线东段,2507,21112,21670,64.000
西气东输二线东段,2508,21670,21617,97.000
西气东输二线东段,2509,21617,21653,30.000
西气东输二线东段,2510,21118,21603,137.600
忠武线荆州 - 襄樊支线,2511,21531,21511,69.210
忠武线武汉 - 黄石支线,2513,21550,21506,21.080
忠武线武汉 - 黄石支线,2514,21508,21550,56.820
西气东输一线淮武联络线,2515,21538,21512,280.000
忠武线荆州 - 襄樊支线,2516,21511,20976,94.090
忠武线天然气管道,2517,21531,21536,18.530
忠武线天然气管道,2518,21535,21512,63.260
西气东输三线,2519,21425,21433,68.000
西气东输二线广州-南宁支干线,2520,21422,21386,21.100
西气东输三线,2521,21435,21421,100.000
西气东输三线,2522,21421,21381,49.000
港清三线,2523,21176,21635,33.000
港清三线,2524,21610,21667,44.000
西气东输二线广州-南宁支干线,2525,21386,21436,82.100
西气东输三线,2526,21602,21425,170.000
川气东送二线 (川渝鄂段),2527,21473,23118,81.811
川气东送二线 (川渝鄂段),2528,23118,21354,87.533
监利市何王天然气门站配套高压管道,2529,21505,20838,1.700
川气东送管道武石化支线,2530,21640,21626,47.740
忠武线潜江 - 湘潭支线,2531,21364,21225,44.300
川气东送二线 (川渝鄂段),2532,21478,21479,104.492
川气东送二线 (川渝鄂段),2533,22715,21480,27.508
川气东送二线 (川渝鄂段),2534,21480,21473,133.978
忠武线潜江 - 湘潭支线,2535,21581,21364,75.200
忠武线天然气管道,2536,21579,21507,155.110
西气东输一线淮武联络线,2537,21598,21538,180.000
忠武线荆州 - 襄樊支线,2538,20976,21481,47.201
川气东送二线 (川渝鄂段),2539,21479,22715,73.628
川气东送二线 (川渝鄂段),2540,21483,21501,83.205
川气东送二线 (川渝鄂段),2541,21484,21483,70.024
川气东送二线 (川渝鄂段),2542,21483,21482,68.516
重庆管道,2543,22432,21393,195.300
榆济线,2544,21378,21373,88.040
榆济线,2545,21502,21379,98.970
西气东输二线湘潭-娄底-邵阳,2546,21390,21398,60.000
忠武线天然气管道,2547,21526,21531,44.560
港清线,2549,21176,21121,45.890
榆济线文96支线,2550,21367,21087,22.430
忠武线天然气管道,2551,21507,21533,14.160
忠武线天然气管道,2552,21521,21528,20.330
忠武线天然气管道,2553,21536,21529,60.160
忠武线天然气管道,2554,21528,21526,32.460
西气东输二线枣阳-十堰支干线,2555,21396,21353,148.350
潜江-韶关输气管道,2556,21351,21352,115.000
忠武线天然气管道,2558,21533,21516,132.570
榆济线,2559,22785,21428,85.100
榆济线,2560,21373,21377,79.040
港清三线,2562,21635,21610,49.000
陕京二线,2563,27456,21117,81.000
西气东输二线南昌-上海支干线,2564,21431,21387,80.640
榆济线,2566,21420,21418,73.910
西气东输二线上海支线嘉兴-甪直联络线,2567,21438,21385,41.977
西气东输二线樟树-湘潭支线,2568,21439,21426,34.200
西气东输三线,2569,21383,21384,50.000
西气东输三线,2570,21433,21435,169.000
西气东输二线湘潭-娄底-邵阳,2571,21398,21389,40.000
西气东输三线长沙支线,2572,21399,21400,55.350
西气东输二线西段,2573,21404,21282,61.000
西气东输二线南昌-上海支干线,2574,21437,21412,30.510
建南 - 利川天然气管道复线,2575,22832,20858,40.002
建南 - 利川天然气管道复线,2576,21257,22832,19.998
川气东送二线 (鄂皖赣浙闽段),2577,21638,21464,153.213
川气东送二线 (鄂皖赣浙闽段),2578,21458,21459,36.039
中基宜昌市夷陵区小溪塔天然气热电联产项目天然气专供管道,2579,20883,20882,13.709
中基宜昌市夷陵区小溪塔天然气热电联产项目天然气专供管道,2580,20882,21462,4.771
秭归县移民安置区天然气综合利用工程长输管道,2581,23119,20884,27.800
建南 - 利川天然气管道,2582,21257,20858,78.000
白洋 - 姚家港化工园天然气次高压管道,2583,20881,20888,11.102
宜昌中心城区天然气保供互联互通工程,2584,23409,20887,10.830
中基宜昌市夷陵区小溪塔天然气热电联产项目天然气专供管道,2585,20862,22831,10.349
中基宜昌市夷陵区小溪塔天然气热电联产项目天然气专供管道,2586,22831,20883,7.437
红花套 - 渔洋关天然气管道,2587,22829,22836,19.234
红花套 - 渔洋关天然气管道,2588,21528,22830,16.501
枝江 - 白洋天然气管道,2589,21526,20887,24.200
白洋 - 姚家港化工园天然气次高压管道,2590,20887,20881,6.898
潜江-韶关输气管道,2591,21258,21411,90.000
潜江-韶关输气管道,2592,21354,21258,70.000
忠武线天然气管道,2593,21529,21535,57.860
忠武线天然气管道,2594,21512,21508,36.040
安山 - 五里界天然气管道,2595,20939,21636,31.000
纱帽门站至军山门站天然气管道,2596,20919,20954,26.000
监利县白螺镇工业园天然气输气管道,2597,20848,20936,3.000
红花套 - 宜昌天然气管道,2598,21528,23409,18.000
五里界 - 关山桥天然气管道,2599,20915,20877,4.296
五里界 - 关山桥天然气管道,2600,20910,20915,8.256
忠武线、川气出川宜昌站互联互通工程,2601,21454,21528,0.950
忠武线、川气出川潜江站互联互通工程,2602,21643,21532,9.500
川气东送二线 (鄂皖赣浙闽段),2603,21459,20823,114.350
川气东送二线 (鄂皖赣浙闽段),2604,21464,21457,82.958
川气东送二线 (鄂皖赣浙闽段),2605,21457,21458,89.140
川气东送天然气管道 (达州 - 上海),2607,21639,21643,74.680
涩宁兰输气管道甘南支线,2609,21231,22678,118.000
云梦分输站-云梦二门站,2610,21446,23411,0.053
云梦分输站-云梦门站计量点,2611,21446,23438,0.251
广西LNG外输管道,2612,21504,21499,42.210
如东LNG-如东分输清管站,2614,21548,21096,1.044
涩宁兰输气管道复线,2615,21345,21362,176.200
武汉天然气高压外环管道（环线段）,2617,20909,22838,35.980
武汉天然气高压外环管道（环线段）,2618,20909,20944,10.550
武汉天然气高压外环管道（环线段）,2619,20934,20951,13.370
武汉天然气高压外环管道（环线段）,2620,20944,20946,35.980
武汉天然气高压外环管道（环线段）,2621,22838,20833,16.240
武汉 - 咸宁天然气管道,2623,20950,20949,6.150
武汉 - 咸宁天然气管道,2624,21508,20950,48.040
武汉天然气高压外环管道（环线段）,2625,20947,20946,14.570
武汉天然气高压外环管道（环线段）,2626,20833,20954,20.240
黄大线管道,2627,20957,20958,8.530
黄大线管道,2628,20931,20957,17.830
黄大线管道,2629,21456,20932,19.930
云梦 - 安陆天然气管道,2630,23411,20955,26.000
中缅天然气管道国内段贵阳-贵港段,2631,21582,21161,926.800
陕京一线,2632,21707,21658,112.400
西气东输二线广州-南宁支干线,2633,21520,21161,215.800
陕京一线,2635,21630,21109,41.800
陕京一线,2636,21117,27456,100.800
中缅天然气管道国内段瑞丽-贵阳段,2638,21227,21582,300.000
罗汉寺 - 平安铺天然气管道,2639,20909,20911,19.280
苍梧-贺州支线,2640,21520,21205,15.600
苍梧-贺州支线,2641,21205,21206,30.400
苍梧-贺州支线,2642,21206,21515,166.400
武汉天然气高压外环管道（环线段）,2643,20910,20934,12.090
罗汉寺 - 平安铺天然气管道,2644,20911,20912,4.570
西气东输三线,2646,21638,21449,163.000
西气东输三线,2647,21449,21450,122.000
西气东输三线,2648,21245,28926,172.000
西气东输二线十堰支干线忠武线联络线,2649,21452,29824,10.320
川气东送天然气管道 (达州 - 上海),2650,21683,21607,42.810
西气东输三线,2651,28923,21460,104.000
西气东输二线东段,2652,21611,21605,51.600
西气东输三线,2653,21472,21638,93.000
川气东送天然气管道 (达州 - 上海),2654,21644,21680,113.490
川气东送天然气管道 (达州 - 上海),2655,21680,21676,85.430
川气东送天然气管道 (达州 - 上海),2656,21677,21601,52.640
川气东送天然气管道 (达州 - 上海),2657,21601,21678,105.500
川气东送二线 (川渝鄂段),2658,21501,21478,329.546
潜江-韶关输气管道,2659,21349,21351,140.000
川气东送天然气管道 (达州 - 上海),2660,21455,21453,29.330
川气东送天然气管道 (达州 - 上海),2661,21650,21644,47.560
江汉储气库输气联络线,2662,21643,20930,34.300
孝潜线管道,2663,21442,21443,41.220
孝潜线管道,2664,22837,21446,16.680
黄大线管道,2665,20932,20931,21.410
川气东送黄石站与忠武线黄石支线黄石末站联通工程,2666,21649,21506,53.500
西气东输二线孝感分输站 - 云应盐穴储气库支线,2667,21445,21086,47.000
新粤浙煤制天然气管道川气联络线,2668,21643,20929,5.000
孝潜线管道,2669,21446,21442,18.390
西气东输二线十堰支干线忠武线联络线,2670,21396,21452,14.930
西气东输二线与川气东送管道姜家湾联络线,2671,21651,21650,1.580
西气东输三线仙桃-潜江联络线,2672,21638,20929,21.200
西气东输三线中段与忠武线联络管道,2673,21638,22700,4.700
忠武线潜江 - 湘潭支线,2674,28920,21540,35.400
忠武线潜江 - 湘潭支线,2675,21540,21581,74.400
武汉 - 赤壁天然气管道,2676,21448,21441,24.070
武汉 - 赤壁天然气管道,2677,21646,21944,22.420
川气东送天然气管道 (达州 - 上海),2678,21649,21645,65.390
川气东送天然气管道 (达州 - 上海),2679,21649,21650,61.180
西气东输二线东段,2680,21622,21456,82.800
西气东输二线东段,2681,21605,21439,74.700
西气东输二线东段,2682,21602,21118,175.400
西气东输二线东段,2683,21439,21602,102.300
西气东输二线东段,2684,21673,21611,99.400
川气东送天然气管道 (达州 - 上海),2685,21676,21677,112.060
忠武线潜江 - 湘潭支线,2687,21529,21505,60.300
川气东送天然气管道 (达州 - 上海),2689,21643,21641,59.870
川气东送天然气管道 (达州 - 上海),2690,21453,21639,45.350
川气东送天然气管道 (达州 - 上海),2691,21648,21455,219.710
川气东送天然气管道 (达州 - 上海),2692,21678,21683,69.150
西气东输二线东段,2693,21621,21445,95.790
西气东输二线东段,2694,21476,21673,34.100
川气东送天然气管道 (达州 - 上海),2695,21647,21648,97.360
川气东送天然气管道 (达州 - 上海),2696,21641,21645,89.760
黄州 - 黄梅天然气管道武穴支线,2697,23261,23243,13.000
浠水 - 罗田 - 英山天然气管道,2699,23239,23237,35.102
浠水 - 罗田 - 英山天然气管道,2700,23237,23238,29.472
灵乡镇管输天然气工程,2701,21051,21052,13.000
大冶陈贵至刘仁八次高压燃气管道,2702,20956,21045,12.734
大冶陈贵至刘仁八次高压燃气管道,2703,21046,21047,10.137
大冶陈贵至刘仁八次高压燃气管道,2704,21045,21046,7.129
黄金口调压站 - 港湖调压站天然气管道,2705,21054,21055,0.779
钟山大道(新冶大道-河口调压站)高压管道,2706,20817,21049,26.500
太子门站 - 河口调压站天然气管道,2707,20941,21050,9.419
太子门站 - 河口调压站天然气管道,2708,21050,21049,6.231
鄂州市华容区天然气利用工程三江港支线,2709,20816,20851,8.319
黄石门站 - 1号高中压调压站天然气管道,2710,21053,20852,6.000
黄石门站 - 黄金山新区天然气管道,2711,21056,21054,5.809
黄石门站 - 黄金山新区天然气管道,2712,21506,21056,3.691
鹤峰县天然气气源管道,2713,22391,21070,115.000
川气东送二线巴东供气支线,2714,22715,21221,70.600
利川页岩气勘探开发配套管道,2715,21259,23123,36.000
白杨坪 - 恩施天然气管道,2716,21071,21029,17.461
利川白羊塘 - 咸丰曲江镇天然气管道,2717,22389,21069,32.690
活龙坪 - 大路坝天然气管道,2718,22389,22390,37.100
恩施 - 宣恩 - 咸丰天然气管道,2719,21533,22391,43.266
恩施 - 宣恩 - 咸丰天然气管道,2720,22391,21042,61.734
利川 - 咸丰天然气管道,2721,22396,21042,100.280
咸丰 - 来凤天然气管道,2722,21042,21043,41.000
利川白羊塘 - 咸丰曲江镇天然气管道,2723,21044,22389,27.311
利川 - 咸丰天然气管道,2724,20858,22396,35.720
浠水 - 罗田 - 英山天然气管道,2725,23237,23236,13.426
川气东送利川支线,2726,21647,20858,7.900
利川 - 恩施天然气管道,2727,22396,21041,52.000
利川 - 恩施天然气管道复线,2728,22396,21041,52.000
黄冈中燃高压管网改造工程西线 (丁司垱清管站 - 蕲春调压站段),2729,23267,23266,3.477
黄冈中燃高压管网改造工程西线 (丁司垱清管站 - 蕲春调压站段),2730,23264,23267,21.523
黄冈中燃高压管网改造工程英山罗田支线 (骆驼坳清管站 - 罗田调压站段),2731,23244,23245,7.800
黄冈中燃高压管网改造工程英山罗田支线 (骆驼坳清管站 - 英山调压站段),2732,23244,23246,28.500
黄冈中燃高压管网改造工程西线 (黄冈门站 - 堵城调压站段),2733,23269,23271,10.000
黄冈中燃高压管网改造工程西线 (黄冈门站 - 浠水调压站段),2734,23269,23258,37.500
黄冈中燃高压管网改造工程西线 (浠水调压站 - 白莲河示范区分界线段),2735,23258,23264,5.675
黄冈中燃高压管网改造工程西线 (浠水调压站 - 白莲河示范区分界线段),2736,23264,23265,35.125
哈沈线,2737,21321,21319,20.200
西气东输一线定远-合肥支线,2738,21330,21165,80.000
中俄东线干线黑河-长岭,2740,21143,21177,189.200
大沈线大连支线,2741,21187,21181,17.000
哈沈线,2742,21322,21320,94.800
哈沈线,2743,21324,21323,68.700
哈沈线,2744,21318,21317,51.900
黄麻线红安分输站 - 杏花门站天然气次高压管道,2745,21220,20854,2.200
泽林 - 杜山天然气管道,2746,20855,20856,9.800
杜山 - 葛店天然气管道,2747,20856,20849,20.000
鄂州市华容区天然气利用工程三江港支线,2748,20851,20850,0.181
黄陂 - 麻城天然气管道,2749,21194,21195,28.370
永佳河 - 红安天然气管道,2751,21194,21220,29.926
麻城分输站-麻城门站管道,2752,21195,20853,2.670
黄陂 - 麻城天然气管道,2753,22394,21194,20.510
武穴市天然气高压输配系统西线,2756,23240,23241,7.127
武穴市天然气高压输配系统西线,2757,23404,23240,14.574
浠水 - 散花天然气管道,2758,23258,23242,20.000
哈沈线,2760,21319,21318,54.800
西气东输二线嘉峪关供气支线,2761,21284,21158,15.100
西气东输二线金昌支线,2762,21432,21154,47.840
西气东输一线,2763,21295,21291,45.640
西气东输一线,2764,21333,21315,154.000
西气东输三线,2765,21284,21309,193.000
西气东输三线,2766,21309,21432,148.000
西气东输一线,2768,21339,21316,180.183
西气东输一线,2769,21316,21338,170.700
西气东输一线,2770,21338,21314,135.166
西气东输一线,2771,21313,21333,159.000
西气东输一线,2772,21292,21110,42.410
榆麻支线,2773,22755,21300,50.540
西气东输一线,2774,21314,21313,156.813
西气东输一线,2775,21408,21339,133.638
大沈线,2776,21191,21187,21.760
大沈线,2777,21185,21184,68.500
大沈线,2778,22064,21185,142.300
大沈线抚顺支线,2779,21186,21182,106.000
陕京三线,2780,21361,21176,157.600
哈沈线,2782,21323,21322,51.700
南宁-百色支线,2783,21166,21160,57.000
陕京三线,2784,21697,21271,160.200
陕京三线,2786,21271,21698,59.100
陕京三线,2787,21698,21361,66.800
陕京三线,2790,21117,21269,184.600
陕京三线,2791,21269,21697,180.000
陕京四线密云-马坊联络线,2792,21716,21308,32.000
陕京四线宝香西联络线,2793,21179,21306,55.805
陕京四线马坊-香河支线,2794,21308,21306,33.000
西气东输三线,2795,21282,21423,115.000
中俄东线干线黑河-长岭,2796,21140,21143,193.600
中俄东线干线黑河-长岭,2797,21178,21142,53.900
西气东输二线中卫-靖边联络线,2798,21131,27456,161.000
陕京四线宝香西联络线,2799,21306,21628,22.195
济青二线,2800,21137,21138,392.900
西气东输三线闽粤支干线（漳州-广州）,2801,21311,21421,176.626
西气东输三线闽粤支干线（漳州-广州）,2802,21708,21311,24.576
哈沈线,2803,21317,21324,22.600
西气东输一线甪直-宝钢支干线,2804,21170,21169,34.319
中缅天然气管道丽江支线,2805,21226,21148,27.672
中缅天然气管道玉溪支线,2806,21227,21150,38.848
中俄东线干线长岭-沈阳,2807,21183,21141,144.000
平山线,2808,21302,21303,54.640
中开线,2809,21297,21298,34.250
中开线,2810,21299,21297,66.910
西气东输一线,2811,21110,21598,134.180
西气东输三线,2812,21283,21284,174.000
平山线,2813,21323,21301,95.980
平山线,2814,21301,21304,78.510
平山线,2815,21304,21302,102.070
西气东输二线广州-深圳支干线,2816,21312,21305,38.160
中开线,2817,21373,21299,89.950
西气东输三线,2818,21410,21416,135.000
西气东输三线,2819,21416,21283,193.000
西气东输三线,2820,21423,21402,91.000
西气东输二线广州-深圳支干线,2821,21422,21312,163.030
西气东输二线广州-深圳支干线,2822,21305,21266,62.360
新疆煤制气外输管道干线与西二线联络线,2823,21352,21603,65.500
随州接收站-柳树淌门站,2824,21213,23414,2.704
宜昌科能母站-方家岗门站,2825,21083,23211,5.217
宜昌科能母站-临江溪储配站(中燃),2826,21083,23204,13.302
宜昌科能母站-石板冲门站,2827,21083,23409,8.102
恩施输气站-恩施接收站,2829,21648,21222,0.275
国家电投荆门高新-绿动能源调压站(昆仑),2830,21031,21216,0.089
左岭调压站(武汉市天然气)-左岭调压站(昆仑),2832,20945,20972,1.305
武钢分输站-471调压站(市气),2833,21626,20921,11.298
横店调压站(武汉市天然气)-前川减压站(华润),2834,20909,20973,8.962
鄯乌线,2835,21612,21264,410.950
黄州 - 黄梅天然气管道,2836,23256,23263,28.275
黄州 - 黄梅天然气管道梅川支线,2837,20813,23231,4.450
鄂州 - 黄冈天然气管道,2838,20855,23461,18.000
左岭调压站(昆仑)-北湖调压站(华润),2839,20972,20937,18.628
川气东送管道南京支线,2840,21260,21262,46.242
潜江枢纽站-潜江压气站,2841,20929,21354,0.653
广西LNG外输管道,2842,21492,21252,89.920
广西LNG外输管道,2843,21236,21204,75.860
川气东送管道南京支线,2845,21601,21108,50.870
川气东送管道南京支线,2846,21262,21261,65.193
川气东送管道南京支线,2847,23087,21075,69.479
后汪阀室(华润)-乌龙调压站(华润),2848,20915,20961,5.626
后汪阀室(华润)-金港调压站(华润),2850,20915,20960,23.297
黄州 - 黄梅天然气管道龙感湖支线,2851,20812,23363,7.654
龙舟坪门站(华瑞)-津洋口储配站(华瑞),2852,20886,20967,4.622
龙舟坪门站(华瑞)-磨山调压站(华瑞),2853,20886,20966,12.196
红花套 - 渔洋关天然气管道,2854,22836,21027,17.769
黄陂联络压气站-罗汉寺门站(武汉市天然气),2855,21622,20905,3.335
黄石分输站-大冶小箕铺接收站,2856,21649,21214,0.069
白杨坪 - 建始天然气管道,2857,21222,21072,19.000
襄阳 - 老河口天然气管道,2858,21033,23444,48.441
黄梅输气站-黄梅接收站,2859,21644,21215,0.161
江南门站 - 余家湖化工园区天然气管道,2860,20981,21068,5.950
昆仑黄冈LNG BOG管道,2862,29223,21456,3.400
小箕铺 - 阳新天然气管道,2863,21214,21037,32.310
陈贵分输站-陈贵门站(华润),2864,21447,21051,0.965
建南气田集气北站(江汉油田)-红星净化站(江汉油田),2865,21257,21259,0.912
江南门站 - 柿铺调压站高压天然气管道,2867,20981,21067,6.000
黄冈中燃高压管网改造工程东线 (武穴门站 - 梅川调压站段),2868,21458,23255,22.000
仙桃输气站-仙桃接收站(省),2869,21641,21217,0.107
武穴分输压气站-武穴联络站,2871,21458,21476,0.222
聂口-武湖-阳逻,2872,20911,21002,21.575
三金坛调压(市气)-八一农场调压站(武汉市天然气),2873,20811,20911,8.573
三金潭调压站(市气)-天河机场调压站(华润),2874,20926,21003,18.452
金猫口储备分输站(兴成)-公安输配站(兴成),2875,20857,21000,3.224
黄冈中燃高压管网改造工程西线 (黄冈门站 - 团风调压站段),2876,23269,23418,17.500
黄冈中燃高压管网改造工程 (团风调压站 - 团风新洲界段),2877,23418,23247,13.000
淋山河无人值守站-新洲调压站,2878,23247,23210,12.324
金台 - 汪集次高压天然气管道,2879,20946,21001,5.230
十堰东风中燃城区天然气管网高压对接管道,2880,23253,23249,8.400
十堰末站-发展大道调压站(昆仑),2881,21353,20978,4.513
华电襄阳樊城燃机天然气直供管道-名城路调压站(华润),2882,20818,21026,10.545
东津调压站(华润)-余家湖调压站(华润),2883,21057,20819,26.863
九龙盘雷神庙储气站(安瑞)-麂子峡配气站(安瑞),2884,21065,21043,11.209
望城坡配气站(民生)-曲江分输站(民生),2885,21042,21069,15.735
团结 - 冷水、黄水天然气管道,2886,22832,22387,25.365
十堰大道次高压燃气管道,2887,23253,23233,10.097
黄州 - 黄梅天然气管道,2888,23260,23460,22.338
仙桃 - 天门工业园天然气管道,2889,21217,23259,28.600
仙桃接收站 - 仙桃中油门站天然气管道,2890,21217,20836,6.200
石首 - 华容 - 南县天然气管道,2891,21218,21219,21.299
黄州 - 团风天然气管道,2892,23461,23235,10.944
黄州 - 黄梅天然气管道,2894,23262,23261,9.020
黄州 - 黄梅天然气管道,2895,23260,23256,4.876
黄州 - 黄梅天然气管道,2896,23461,23239,28.737
黄州 - 黄梅天然气管道,2897,23239,23258,5.478
黄州 - 黄梅天然气管道,2898,21011,23262,35.501
黄州 - 团风天然气管道,2899,23235,23418,27.056
六里坪 - 房县 - 竹溪天然气管道,2900,21016,21009,54.061
十堰大道次高压燃气管道,2901,23233,23234,50.403
黄州 - 黄梅天然气管道,2902,23261,23256,15.130
黄州 - 黄梅天然气管道,2903,20824,23452,4.076
荆门掇刀至沙洋开发区高压燃气管道,2904,21031,21032,49.820
黄冈中燃高压管网改造工程东线 (武穴门站 - 龙感湖调压站段),2905,23260,23363,21.341
黄冈中燃高压管网改造工程东线 (武穴门站 - 龙感湖调压站段),2906,23404,23260,28.659
黄冈中燃高压管网改造工程东线小池支线,2907,20827,23257,5.000
黄冈中燃高压管网改造工程英山罗田支线 (白莲河示范区分界线 - 骆驼坳清管站段),2908,23265,23244,2.700
枣阳燃气外环次高压管网,2909,21030,20826,18.660
洪岭 - 十里天然气管道,2910,21215,21036,3.600
新屋阀室 - 陈贵门站天然气管道,2912,23122,21447,4.751
鄂州市华容区天然气利用工程红莲湖支线,2913,20849,21038,9.600
昆仑黄冈LNG原料气管道,2914,21456,21039,3.400
黄冈接收站 - 黄冈化工产业园天然气管道,2915,21048,21040,0.800
石首 - 华容 - 南县天然气管道,2916,21461,21218,21.701
建南 - 万州天然气管道,2917,21257,20825,57.000
咸丰 - 黔江天然气管道,2918,21012,22386,22.510
孝潜线天门分输站 - 侨乡门站天然气管道,2919,21212,23252,1.780
襄阳 - 南漳天然气管道,2920,20831,21035,25.000
襄阳 - 老河口天然气管道,2921,23444,23216,13.559
华电襄阳樊城燃机天然气直供管道,2922,21452,21223,5.000
随州 - 随县天然气管道,2923,21213,21060,13.450
江北门站 - 柿铺调压站高压天然气管道,2924,21033,21067,10.000
江南门站 - 余家湖化工园区天然气管道,2925,21068,21061,10.050
刘集机场 - 东津新区天然气次高压管道,2926,21063,21057,15.000
仙人渡 - 谷城天然气管道,2927,21358,21059,7.000
襄阳北外环天然气高压管道,2928,21062,21063,16.179
双沟 - 刘湖天然气高压管道,2929,21064,21063,8.400
白杨坪 - 恩施天然气管道,2930,21222,21071,18.139
襄阳北外环天然气高压管道,2931,21033,21062,14.271
涩宁兰输气管道,2932,21569,21574,170.150
涩宁兰输气管道,2933,21576,21518,111.260
涩宁兰输气管道,2934,21518,21549,98.530
涩宁兰输气管道,2935,21570,21517,88.710
兰定线,3332,21517,21233,46.000
兰定线,3333,21233,21235,28.000
长宁线,3334,22828,21115,37.380
长宁线,3335,21713,27435,67.610
长宁线,3336,21684,22828,15.000
长宁线,3337,27435,21684,8.000
长宁线,3338,21114,21618,5.000
长宁线,3339,22828,21691,10.000
长宁线,3340,21115,21114,12.000
长宁线,3341,21618,21575,8.780
陕京一线,3732,21710,21672,73.000
陕京二线,3733,21654,21703,26.600
陕京三线,4133,21176,21109,70.000
永唐秦输气管道,4134,27490,21179,23.910
永唐秦输气管道,4135,21615,21634,26.780
忠武线潜江 - 湘潭支线,4533,21505,28920,50.900
冀宁联络线,4933,21682,21347,3.700
西气东输三线,5333,21415,21410,181.000
西气东输三线,5336,21287,21692,161.000
西气东输三线,5337,21692,21709,125.000
西气东输三线,5338,21709,21619,177.000
西气东输三线,5339,21619,28924,124.000
西气东输三线,5340,28925,28921,200.000
西气东输三线,5341,28921,28922,118.000
西气东输三线,5342,28922,28925,85.000
西气东输三线,5343,28925,28923,87.000
西气东输三线,6138,21450,21245,52.000
西气东输三线,6139,28926,21602,34.000
陕京四线大唐煤制气北京段,6536,21716,21120,59.000
中缅天然气管道防城港支线,6938,21491,21490,65.000
中缅天然气管道北海支线,6939,21491,28980,86.940
中缅天然气管道钦州支线,6940,21491,28979,51.000
中缅天然气管道都匀支线,6942,21500,28983,34.760
长长吉天然气管道,7336,21320,28984,99.500
长长吉天然气管道,7337,28984,28985,13.000
中贵天然气管道,7338,21577,21203,173.540
涩宁兰输气管道复线,7736,21569,21574,173.200
涩宁兰输气管道复线,7737,21574,21518,236.800
涩宁兰输气管道复线,7738,21518,21571,222.300
涩宁兰输气管道复线,7739,21571,21345,97.500
西气东输二线呼图壁储气库线,8138,21282,21265,43.945
西气东输二线乌石化支线,8139,21282,21265,58.000
西气东输二线泰安支干线,8141,21110,21702,21.440
西气东输二线麻丘储气库支线,8540,22663,29233,36.171
涩仙敦管道,8541,21569,29260,451.718
涩格线,8542,21569,29261,102.818
涩格复线,8543,21569,29261,111.393
港沧线,8544,21122,29266,31.250
港沧线,8545,29265,29270,32.306
沧淄线,8546,29287,29292,44.050
沧淄线无棣支线,8550,29284,29282,21.260
沧淄线阳信支线,8551,29285,29286,8.000
沧淄线惠民-商河支线,8552,29287,29294,51.840
沧淄线滨州支线,8553,29289,29290,25.200
沧淄线邹平支线,8555,29296,29298,13.732
中沧线,8556,29704,29270,48.690
小卞庄—汪庄子支线,8557,21121,29273,11.400
兰银线马莲湖支线,8558,22871,29275,9.876
沧淄线,8559,29270,29279,48.240
沧淄线,8561,29279,29283,31.860
沧淄线,8562,29283,29287,35.700
沧淄线,8563,29292,29299,53.650
中沧线,8958,29699,21596,36.000
中沧线,8959,29691,29698,103.000
中沧线北杨集支线,8961,29695,29696,2.419
中沧线,8962,29703,29704,18.200
中沧线,8963,21596,29703,48.000
中沧线,8964,29698,29699,34.000
秦沈线葫芦岛支线,8966,21190,29717,9.000
秦沈线盘锦支线,8967,21188,29720,26.000
秦沈线沈阳支线,8968,21321,29722,23.200
大沈线盘锦支线,8970,21185,29725,85.742
大沈线抚顺末站-洗化厂支线,8971,21182,29730,11.000
大沈线抚顺末站-石油三厂支线,8972,21182,29731,4.000
大沈线抚顺末站-石油二厂支线,8973,21182,29732,23.500
泰青威干线淄博支线,8974,29739,29744,70.073
泰青威干线莱钢支线,8975,21553,29738,25.000
泰青威干线淄博支线沣水支线,8976,29742,29745,3.052
泰青威干线淄博支线,8977,21564,29739,16.646
泰青威干线淄博支线,8979,29744,29299,9.506
泰青威干线东营支线,8980,29748,29749,60.758
泰青威干线淄博支线双王城支线,8981,29754,29756,4.341
泰青威干线昌邑支线,8982,21551,29762,86.473
泰青威干线昌邑支线,8983,29762,29763,13.527
泰青威干线胶州-日照联络支线,8985,29766,29764,82.392
临沂-日照管道,8986,21599,29764,183.000
泰青威干线胶州-日照联络支线,8987,29765,29766,45.821
泰青威干线胶州-日照联络支线,8988,21365,29765,34.787
泰青威干线寿光支线,8989,21524,29747,32.769
泰青威干线寿光支线,8990,29747,29748,40.231
泰青威干线东营支线,8991,29749,29746,12.242
大沈线盘锦支线,8994,29725,29720,21.805
大庆红岗-齐齐哈尔管道,8995,29786,29787,155.700
大庆双合-哈尔滨管道,8996,29790,29789,101.700
中俄东线管道泰安-泰兴段,8997,21347,21662,1036.000
中俄东线干线南通-甪直,8998,21694,21438,178.000
永京线,8999,21176,29799,47.340
永京线,9000,29799,29798,10.780
西气东输三线梅州支线,9399,21708,29813,85.182
西气东输三线广东石化支线,9400,21708,29815,59.204
西气东输三线平潭支线,9401,21384,29817,73.046
陕京四线李桥支线,9402,21308,29818,42.889
川气东送管道金陵支线,9403,21263,21616,23.790
川气东送二线 (鄂皖赣浙闽段),9404,20823,29823,120.770
川气东送二线 (鄂皖赣浙闽段),9405,29823,29822,114.126
西气东输二线十堰支干线忠武线联络线,9406,29824,21481,4.550
川气东送管道武石化支线,9409,21626,21627,6.550
川气东送管道武石化支线,9411,21645,21640,24.430
泽林-程潮天然气管道,9412,20855,29828,9.731
黄州 - 黄梅天然气管道,9413,23258,21011,33.569
黄冈中燃高压管网改造工程西线 (黄冈分输站 - 黄冈接收站段),9414,21456,21048,0.800
团结 - 冷水、黄水天然气管道,9415,21044,22387,7.152
咸丰 - 黔江天然气管道,9416,22386,29834,17.490
管道连接线,9417,20915,20815,13.336
港沧新线,9418,21122,29266,33.016
港沧新线,9419,29265,29270,39.607
港沧新线,9420,29266,29265,27.377
港沧线,9421,29266,29265,23.444
大唐煤制气管道,9422,29836,29843,162.238
中石化天津LNG外输管道唐官屯-唐山,9424,21580,29844,216.000
蒙西煤制气外输管道,9822,30252,30247,73.002
蒙西煤制气外输管道,9827,30243,30244,71.157
蒙西煤制气外输管道,10226,30244,30647,13.460
蒙西煤制气外输管道,10227,30647,30257,35.666
蒙西煤制气外输管道,10228,30257,30252,65.073
鄂安沧保定支线,10626,21361,31047,56.440
神木 - 安平煤层气管道,10632,31064,21361,265.982
神木 - 安平煤层气管道,10633,31063,31064,138.304
神木 - 安平煤层气管道,10635,31066,31063,57.311
天津南港LNG应急储备外输,10636,21375,21176,126.947
天津南港LNG应急储备外输,10638,31068,31067,13.972
天津南港LNG应急储备外输,10639,21176,31068,19.984
黎沙线,10640,31072,31077,55.032
黎沙线,10641,31069,31072,30.249
黎沙线,10642,31077,31079,41.248
黎沙线,10643,31079,31080,2.647
安邯线,10644,31050,31081,18.961
安邯线,10645,21378,31083,18.738
安邯线,10647,31081,31082,5.179
安邯线,10648,31083,31050,10.408
京石邯管道,10649,31087,31085,19.896
京石邯管道,10651,21672,31109,8.943
京石邯管道,10653,31109,31105,71.585
京石邯管道,10655,31105,31101,56.624
京石邯管道,10657,31101,31100,42.907
京石邯管道,10658,31100,31099,16.015
京石邯管道,10659,31099,31094,48.578
京石邯管道,10662,31094,31092,37.919
京石邯管道,10665,31092,31089,21.825
京石邯管道,10667,31089,31087,21.894
京石邯管道,10669,31085,31084,11.242
鄂安沧与京石邯连接线（馆陶-邯郸）,10670,31117,31114,46.561
鄂安沧与京石邯连接线成安支线,10671,31114,31119,21.751
鄂安沧与京石邯连接线肥乡支线,10672,31114,31118,5.747
鄂安沧与京石邯连接线（馆陶-邯郸）,10674,31114,31084,23.329
故城-邯郸输气管道,10675,31136,31127,105.096
故城-邯郸输气管道,10677,31127,31120,94.114
冀州沙河管线,10678,31141,21563,49.593
冀州沙河管线,10682,31138,31139,20.124
冀州沙河管线,10683,31139,31140,17.747
冀州沙河管线,10684,31137,31138,14.715
冀州沙河管线,10686,31140,31141,39.086
高清线,10687,31148,31151,54.171
高清线,10691,31143,31094,29.243
高清线,10692,31094,31148,55.827
鄂安沧与京石邯连接线（鹿泉-邯郸）,10694,21573,31094,85.038
河石线,10695,31155,31154,142.970
冀中十县三期,10696,31158,31159,36.769
冀中十县二期,10697,31156,31157,46.767
冀中十县一期,10700,31157,31160,32.214
冀中十县一期,10701,31164,31165,67.057
冀中管网（四期）,10702,31165,31168,39.722
冀中十县三期,10703,31156,31158,15.059
冀中十县二期,10704,31100,31156,36.243
冀中十县一期,10705,31160,31164,23.627
冀中管网（四期）,10707,31167,31160,33.090
冀中管网（四期）,10709,31168,31167,28.935
鄂安沧与京石邯连接线（博野-定州）,10710,31049,31101,40.517
保定清苑沧州河间管线,10711,31047,31169,66.555
保定清苑沧州河间管线,10713,31105,31047,21.027
渤海新区沿海输气管线,10714,31176,31169,80.847
渤海新区沿海输气管线,10717,31180,31175,21.992
渤海新区沿海输气管线,10718,31175,31176,41.988
渤海新区沿海输气管线,10720,31169,31170,33.284
邯渤线-沧州段,10721,31181,29270,100.113
青吴线,10722,31187,31183,84.858
青吴线,10724,21610,31187,34.650
青吴线,10726,31183,31182,18.728
任河线,10727,21111,31155,29.482
高保徐管线,10728,21773,31106,67.234
霸保线,10729,31199,31192,58.806
霸保线,10730,21635,31198,19.873
霸保线,10732,31198,31199,13.757
邯复线,10737,31204,31208,35.733
邯复线,10740,21672,31202,4.298
邯复线,10741,31202,31201,12.181
邯复线,10744,31201,31203,16.499
邯复线,10745,31203,31204,20.047
涿州永清管线,10746,31202,21176,80.443
涿定线,10747,31214,31215,31.479
涿定线,10751,21745,31212,17.576
涿定线,10752,31212,31213,21.317
涿定线,10753,31213,31214,12.644
霸保线白沟支线,10754,31197,31216,7.124
唐山LNG外输管线,10755,31221,31228,91.943
唐山LNG外输管线,10758,31254,21374,2.778
唐山LNG外输管线,10760,31252,31254,55.823
唐山LNG外输管线,10762,31247,31252,94.286
唐山LNG外输管线,10764,29270,31247,104.062
唐山LNG外输管线,10766,21176,29270,112.426
唐山LNG外输管线,10768,31228,21176,72.880
唐山LNG外输管线,10771,31217,31221,42.029
唐山LNG外输管线,10772,27629,31217,3.956
蒙西煤制气外输管线廊坊支线,10773,30252,31259,36.454
蒙西煤制气外输管线廊坊支线,10775,31259,31256,22.920
秦丰沿海管道,10776,31270,31274,62.494
秦丰沿海管道,10780,31262,31265,48.126
秦丰沿海管道,10781,31265,31267,21.317
秦丰沿海管道,10782,31267,31270,45.992
应张线,10783,21696,31280,123.528
蔚县支线,10784,31277,31288,47.483
应张线,10787,31281,31282,13.759
应张线,10788,31280,31281,87.043
张家口-承德-唐山长输管线,10789,31289,31305,243.376
张家口-承德-唐山长输管线,10793,31305,31306,93.128
张家口-承德-唐山长输管线,10794,31312,31317,53.112
张家口-承德-唐山长输管线,10795,31317,31322,35.068
平泉支线,10796,31306,31325,56.990
沽源支线,10797,31326,31675,101.685
崇礼支线,10798,31330,31333,58.683
康保支线,10799,31326,31336,82.427
万全支线,10800,31326,31340,63.325
怀安支线,10801,31340,31342,33.765
尚义支线,11184,31326,31678,61.957
西气东输一线,11186,21598,21331,75.369
怀来支线,11187,31679,31682,31.824
怀安支线,11188,31679,31340,15.897
赤城支线,11189,31682,31686,72.380
佳华输气管线,11190,31688,31689,83.734
景德线,11191,21596,31690,28.591
张家口-承德-唐山长输管线,11193,31306,31312,93.128
永清-东郊门站支线,11194,21176,31693,58.000
永清-潘家庙门站支线,11195,21176,31694,65.000
建昌支线,11196,22045,31697,108.000
秦沈线朝阳支线,11197,31698,31699,73.724
喀左支线,11198,31704,31703,35.000
赤峰支线,11200,31701,31702,118.000
凌源支线,11202,31700,31701,22.000
北票支线,11203,31699,31705,60.000
秦沈线朝阳支线,11205,21189,31698,24.677
秦沈线朝阳支线,11207,31699,31700,69.599
秦沈线锦州石化支线,11208,31698,31706,30.000
秦沈线锦西石化支线,11209,21190,31707,10.000
长兴岛支线,11210,31710,31709,66.000
瓦房店支线,11212,22064,31710,30.000
大沈线,11214,21187,22064,88.900
丹东支线,11215,22064,31714,225.000
凤城支线,11216,31714,31716,48.000
宽甸支线,11218,31714,31715,108.000
营口支线,11219,31718,31720,17.000
岫岩支线,11220,31719,31721,80.000
海城支线,11222,22076,31718,7.000
中俄东线管道安平-泰安段,11224,21361,21347,1036.000
大沈线鞍山支线,11225,21184,31723,13.000
灯塔支线,11226,31730,31728,30.000
弓长岭支线,11227,21184,31724,48.000
辽阳县支线,11228,31729,31726,8.000
桓仁支线,11231,31731,31733,252.000
本溪支线,11232,22023,31731,17.000
清原支线,11233,31736,31734,80.000
新宾支线,11234,29732,31735,108.000
沈北支线,11237,21319,31737,4.620
铁岭支线,11238,21318,31738,20.468
铁岭支线,11240,31738,31739,4.291
开原支线,11241,21317,31740,18.000
西丰支线,11242,31743,31742,50.000
昌图支线,11244,21324,31743,22.000
康平支线,11245,21318,31745,37.103
法库支线,11246,31745,31746,45.000
康平支线,11252,31745,31744,31.897
彰武支线,11253,21321,31747,64.000
清河门支线,11254,21321,31749,60.000
阜新县支线,11255,31749,31750,18.000
清河门支线,11259,31749,31748,60.000
义县支线,11260,31751,31752,49.568
义县支线,11270,22054,31751,22.432
北镇支线,11271,21188,31753,31.000
黑山支线,11272,22351,31754,24.000
延吉支线,11273,28985,31755,263.000
珲春支线,11274,31755,31756,71.000
桦甸支线,11275,28985,31757,103.000
哈沈线(哈尔滨 - 长春段),11276,31758,21320,189.000
双城支线,11277,31758,31759,20.000
大庆朝阳沟-哈尔滨,11278,31761,31760,52.000
大庆阿拉新-齐齐哈尔,11279,31762,31763,60.000
徐州-沛县-丰县供气支线,11280,21572,31765,52.146
徐州-沛县-丰县供气支线,11282,31765,31764,45.854
宿迁-睢宁支线,11283,21541,31766,42.000
宿迁-泗洪支线,11284,21541,31767,70.000
泗阳-沐阳支线,11285,21559,31768,65.000
涟水支线,11286,21590,31769,43.967
淮安储气库线,11287,21590,31770,16.714
淮阴电厂供气支线,11288,21590,31771,4.042
楚阳支线,11289,21590,32170,11.770
灌南支线,11687,21597,32171,54.668
宝应-盐城支线,11688,21543,32173,66.680
射阳支线,11689,32173,32175,47.191
大丰供气支线,11690,32173,32174,37.874
建湖支线,11691,32177,32176,15.928
刘庄-天长支线,12087,32172,32570,49.000
溧阳-高淳支线,12088,29812,32571,110.000
如皋支线,12089,21701,32572,18.954
金华-丽水-温州管道,12090,21424,32573,258.000
龙游支线,12091,21427,32574,32.600
常山支线,12092,21427,32575,42.100
江山支线,12093,21427,32576,55.000
西气东输一线113#阀室-太和-界首-临泉县,12094,21869,32579,23.917
西气东输一线113#阀室-太和-界首-临泉县,12097,32578,32577,25.189
西气东输一线113#阀室-太和-界首-临泉县,12098,32579,32578,10.894
西气东输一线刘巷子-怀远县-五河县,12099,32580,32581,42.343
西气东输一线刘巷子-怀远县-五河县,12101,21293,32580,19.657
西气东输一线定远-凤阳,12102,21330,32582,40.000
西气东输一线淮南-望峰镇-凤台县,12103,32584,32586,23.400
西气东输一线望峰镇-寿县,12106,32584,32585,30.000
西气东输一线刘巷子-淮南复线,12108,21293,32583,18.000
西气东输一线淮南-望峰镇-凤台县,12110,32583,32584,22.600
西气东输一线定远-明光市,12111,21330,32587,43.000
西气东输一线滁州-全椒县-含山-滨江新城-二坝工业园区,12112,32590,32589,34.745
西气东输一线含山县-和县,12113,32590,32591,25.000
西气东输一线滁州-全椒县-含山-滨江新城-二坝工业园区,12117,21329,32592,25.757
西气东输一线滁州-全椒县-含山-滨江新城-二坝工业园区,12118,32592,32590,36.109
西气东输一线滁州-全椒县-含山-滨江新城-二坝工业园区,12119,32589,32588,13.390
西三线龙岩-三明-南平-武夷新区-上饶支线,12120,32593,21392,101.260
西三线龙岩-三明-南平-武夷新区-上饶支线,12122,22741,32599,37.232
西三线龙岩-三明-南平-武夷新区-上饶支线,12124,32599,32598,81.281
西三线龙岩-三明-南平-武夷新区-上饶支线,12126,32598,32597,60.736
西三线龙岩-三明-南平-武夷新区-上饶支线,12128,32597,32596,87.474
西三线龙岩-三明-南平-武夷新区-上饶支线,12130,32596,32595,67.269
西三线龙岩-三明-南平-武夷新区-上饶支线,12132,32595,32594,44.048
西三线龙岩-三明-南平-武夷新区-上饶支线,12134,32594,32593,67.173
西气东输三线平潭支线,12136,21407,21384,24.954
宁德支线,12137,21407,32600,102.406
福鼎支线,12138,32602,32601,70.892
福鼎支线,12140,32600,32602,54.059
西气东输二线瑞昌支线,12141,21673,32605,8.000
西气东输二线九江支线,12142,21673,32604,11.000
西气东输二线昌北支线,12143,21611,32606,40.000
西二线南昌-上海支干线南昌县支线,12144,22658,32607,20.000
西气东输二线南昌-高安,12145,21605,32608,9.000
西二线南昌-上海支干线抚州市支线,12146,21417,32610,38.000
西二线南昌-上海支干线进贤县支线,12147,21417,32609,16.000
西二线南昌-上海支干线东乡县支线,12148,21417,32611,27.000
西二线南昌-上海支干线鹰潭支线,12149,21440,34343,12.000
西二线南昌-上海支干线上饶-弋阳支线,12546,21392,34344,62.000
西二线南昌-上海支干线上饶-玉山支线,12547,21392,34346,69.000
樟树-湘潭支干线樟树-新街-八景,12548,21439,34347,55.000
樟树-湘潭支干线樟树市-丰城,12549,21439,34348,38.000
樟树-湘潭支干线峡江支线,12550,34350,34349,20.000
樟树-湘潭支干线新余-分宜支线,12551,21426,34351,34.000
樟树-湘潭支干线宜春市支线,12552,21251,34353,10.000
樟树-湘潭支干线宜春-万载支线,12553,21251,34352,38.000
樟树-湘潭支干线萍乡-上栗支线,12554,21244,34354,28.000
樟树-湘潭支干线萍乡-芦溪县支线,12555,21244,34355,12.000
西气东输三线安福支线,12556,28926,34356,
西气东输三线永新支线,12557,28926,34357,35.000
樟树-湘潭支干线樟树-樟树市,12559,21439,34348,34.000
西气东输二线吉安-吉水-永丰,12560,34369,34358,80.000
西气东输二线泰和支线,12561,23069,34359,20.000
西气东输二线万安支线,12562,23069,34360,35.000
西气东输二线井冈山支线,12563,23069,34361,60.000
西气东输二线赣州-赣州,12564,21118,34363,8.000
西气东输二线赣州-上犹,12565,21118,34364,15.000
西气东输二线赣州-赣县,12567,34363,34362,10.000
西气东输三线南康-大余,12568,34365,34366,60.000
西气东输三线南康支线,12570,21118,34365,16.000
西气东输三线兴国支线,12571,21425,34367,50.000
西气东输三线于都支线,12572,21425,34368,15.000
西气东输二线吉安-吉安,12576,21602,34369,12.000
西气东输三线宁都支线,12577,21433,34371,75.000
西气东输三线会昌支线,12578,21433,34372,55.000
西气东输三线石城支线,12580,34371,34370,50.000
沧淄线乐陵支线,12581,29283,34373,
菏泽-东明炼厂支线,12582,21705,34374,
泰青威干线河口支线,12583,34375,34376,
泰青威干线河口支线,12585,29746,34375,
泰青威干线临沂支线,12586,21524,34377,170.000
西气东输二线南阳分输站-南阳支线,12587,21663,34379,50.000
西气东输二线信阳-罗山支线,12588,34380,34381,42.000
西气东输二线南阳分输站-信阳支线,12590,21663,34380,142.000
西气东输二线115#分输阀室-新野支线,12591,22821,34382,8.000
禹州-许昌支线,12592,23169,34383,60.000
开封支线,12593,21699,34384,11.000
沧州中油输气管道,12594,29266,34385,
黄骅 - 海兴天然气管道工程,12596,34385,34386,
西气东输一线沁水-博爱-郑州支线,12597,21164,34387,31.954
西气东输一线沁水-博爱-郑州支线,12598,34387,21292,43.046
西气东输一线郑州-安阳支线,12599,21335,34388,165.000
西气东输一线安阳-邯郸支线,12600,34388,34389,25.000
西气东输一线郑州-洛阳支线,12601,21292,21669,90.000
西气东输一线淮阳分输站-周口支线,12602,21598,34390,22.000
西气东输三线邓州分输站-邓州支线,12603,28923,34391,10.000
长沙 - 常德天然气管线,12604,21364,34394,188.000
西气东输三线株洲-衡阳,12605,21245,34395,153.000
西气东输三线衡阳-耒阳-郴州,12606,34396,34406,42.251
西气东输三线郴州-资兴,12607,34397,34398,50.000
西气东输三线郴州-桂阳,12608,34397,34399,32.000
西气东输二线涟源-冷水江-新化,12609,21389,34400,23.574
西气东输二线涟源-冷水江-新化,12611,34400,34401,21.426
西气东输三线岳阳-临湘,12612,21540,34402,38.000
西气东输二线长沙-浏阳,12613,21364,34403,70.000
西气东输三线衡阳-耒阳-郴州,12615,34395,34396,50.373
西气东输三线耒阳-常宁,12616,34404,34405,19.437
西气东输三线耒阳-常宁,12618,34396,34404,31.563
西气东输三线衡阳-耒阳-郴州,12620,34406,34397,40.377
西气东输二线永兴支线,12621,34406,34407,16.000
深圳LNG外输管线,12622,27595,34408,64.300
河池—南丹—天峨天然气管道,12623,21489,34409,80.181
河池—南丹—天峨天然气管道,12625,34409,34410,72.819
河池—东兰—凤山天然气管道,12626,21489,34411,92.365
东兰-巴马天然气管道,12627,34411,34413,63.000
河池—东兰—凤山天然气管道,12629,34411,34412,34.635
宜州—罗城天然气管道,12630,21207,34414,58.000
忻城支线,12631,21503,34415,29.000
柳州—柳江天然气管道,12632,21254,34419,10.920
柳州—柳江天然气管道,12633,34419,34418,15.080
柳州—鹿寨天然气管道,12635,34419,34417,13.000
柳州—柳城天然气管道,13022,21254,34421,25.000
柳城—融水—融安—三江天然气管道,13023,34745,34746,70.762
柳城—融水—融安—三江天然气管道,13025,34421,34744,58.621
柳城—融水—融安—三江天然气管道,13027,34744,34745,28.617
桂林—阳朔—平乐天然气管道,13028,34747,34749,81.000
荔浦—蒙山天然气管道,13029,34751,34752,43.000
阳朔—荔浦天然气管道,13031,34748,34751,35.000
阳朔—恭城天然气管道,13032,34748,34750,38.000
桂林—龙胜天然气管道,13033,34747,34754,75.000
临桂—灵川天然气管道,13034,34753,34755,27.000
灵川—兴安—全州天然气管道,13035,34756,34760,39.178
灵川—资源天然气管道,13036,34755,34757,61.000
全州—灌阳天然气管道,13037,34760,34761,45.000
灵川—兴安—全州天然气管道,13039,34755,34756,44.572
灵川—兴安—全州天然气管道,13042,34760,34758,27.250
来宾—象州—金秀天然气管道,13044,34762,34763,62.905
象州—武宣天然气管道,13045,34762,34764,75.000
来宾—象州—金秀天然气管道,13047,21413,34762,74.095
宜州支线天然气管道,13048,21207,34765,5.000
来宾—合山天然气管道,13049,21413,34766,23.000
贺州—钟山天然气管道,13050,21515,34767,27.000
钟山—富川天然气管道,13051,34767,34769,38.000
钟山-昭平天然气管道,13052,34767,34768,71.000
玉林—北流—容县天然气管道,13053,21162,34772,29.756
玉林—沙田—博白天然气管道,13054,21162,34770,37.525
玉林—沙田—博白天然气管道,13056,34770,34771,13.475
玉林—北流—容县天然气管道,13058,34772,34773,29.756
沙田—陆川天然气管道,13059,34770,34774,22.000
"21#—宾阳天然气管道",13068,22605,34778,60.000
马山—大化天然气管道,13070,34781,34780,22.000
上林—马山天然气管道,13072,34779,34781,63.000
宾阳—上林天然气管道,13074,34778,34779,36.000
马山—都安天然气管道,13468,34781,34782,26.000
武鸣支线,13469,22337,35178,52.000
百色—田林—隆林天然气管道,13470,35180,35181,126.288
百色—田林—隆林天然气管道,13473,35179,35180,45.997
百色—田林—隆林天然气管道,13474,21167,35179,27.715
田林—凌云—乐业天然气管道,13475,35182,35183,56.896
田林—凌云—乐业天然气管道,13477,35179,35182,68.104
靖西—那坡天然气管道,13478,35185,35186,73.000
田东—德保—靖西天然气管道,13481,22335,35184,80.907
田东—德保—靖西天然气管道,13482,35184,35185,51.093
崇左—大新—天等天然气管道,13483,35189,35188,75.269
南宁-崇左支线,13484,35192,35189,54.532
南宁-崇左支线,13486,20828,35192,41.975
崇左—宁明天然气管道,13487,35189,35190,48.000
宁明—龙州天然气管道,13488,35190,35191,40.000
崇左—上思天然气管道,13489,35189,35194,86.000
扶绥支线,13490,35192,35193,16.000
崇左—大新—天等天然气管道,13492,35188,35187,32.731
桂平支线,13493,22607,35195,10.000
"15#阀室—平南天然气管道",13494,22313,35196,16.000
藤县支线,13495,22654,35197,16.000
苍梧—岑溪天然气管道,13496,21520,35198,48.000
防城港-东兴天然气管道,13497,22615,35199,61.000
中缅天然气管道干线六盘水支线,13498,35200,35201,93.678
中缅天然气管道干线六盘水支线,13500,21493,35200,36.322
中缅天然气管道干线毕节支线,13501,22248,35202,200.000
中缅天然气管道干线绥阳支线,13502,21203,35203,40.000
中缅天然气管道干线遵义-湄潭,13503,21203,35204,76.000
中缅天然气管道干线湄潭-铜仁支线,13504,35204,35205,362.000
中缅天然气管道干线都匀-凯里支线,13505,35207,35206,36.448
中缅天然气管道干线瓮安支线,13506,35207,35208,90.000
中缅天然气管道干线都匀-凯里支线,13508,28983,35207,19.552
中缅天然气管道楚雄一攀枝花支线,13509,21495,35209,240.000
中缅天然气管道玉溪-红河支线,13510,21149,35210,195.000
中缅天然气管道曲靖-昭通支线,13511,21497,35211,260.000
青藏天然气管道,13512,29261,35212,1221.285
青藏天然气管道,13514,35212,35213,98.715
仙花线,13517,35215,35216,360.670
克轮输气管道,13518,35217,21409,157.000
克英线,13519,35217,35218,99.000
西气东输四线(吐鲁番-中卫),13520,21402,21410,352.255
西气东输四线(吐鲁番-中卫),13522,21310,21287,204.510
西气东输四线(吐鲁番-中卫),13524,21432,21310,210.773
西气东输四线(吐鲁番-中卫),13526,21309,21432,110.490
西气东输四线(吐鲁番-中卫),13528,21284,21309,238.858
西气东输四线(吐鲁番-中卫),13530,21283,21284,176.744
西气东输四线(吐鲁番-中卫),13532,21416,21283,175.065
西气东输四线(吐鲁番-中卫),13534,21410,21416,150.769
西气东输四线(吐鲁番-中卫),13536,21423,21402,125.535
